{
  "forces": {
    "__ndarray__": [
      [
        3,
        3
      ],
      "float64",
      [
        0.0,
        0.5662793006256313,
        -0.013927151604053433,
        0.0,
        -0.27745699810574154,
        -0.21330617445944552,
        0.0,
        -0.28882230251988966,
        0.2270960291546863
      ]
    ]
  },
  "dipole": {
    "__ndarray__": [
      [
        3
      ],
      "float64",
      [
        0.0,
        0.0,
        0.499961632465
      ]
    ]
  }
}