{
  "forces": {
    "__ndarray__": [
      [
        3,
        3
      ],
      "float64",
      [
        0.0,
        -0.289200768905231,
        -0.17691169499081144,
        0.0,
        0.3184074723761742,
        0.2019673524078586,
        0.0,
        -0.02920670347094325,
        -0.02538604417327241
      ]
    ]
  },
  "dipole": {
    "__ndarray__": [
      [
        3
      ],
      "float64",
      [
        0.0,
        0.0,
        0.500267887385
      ]
    ]
  }
}