{
  "forces": {
    "__ndarray__": [
      [
        3,
        3
      ],
      "float64",
      [
        0.0,
        -0.5662841857216377,
        -0.013991943403717838,
        0.0,
        0.2888184458651477,
        0.2270870302936218,
        0.0,
        0.27746573985648987,
        -0.21331388776892937
      ]
    ]
  },
  "dipole": {
    "__ndarray__": [
      [
        3
      ],
      "float64",
      [
        0.0,
        0.0,
        0.49996169144
      ]
    ]
  }
}