{
  "forces": {
    "__ndarray__": [
      [
        3,
        3
      ],
      "float64",
      [
        0.0,
        -0.566279043515315,
        -0.013952862635666294,
        0.0,
        0.2888310442706381,
        0.2271086275601766,
        0.0,
        0.27744825635499315,
        -0.2132917762817423
      ]
    ]
  },
  "dipole": {
    "__ndarray__": [
      [
        3
      ],
      "float64",
      [
        0.0,
        0.0,
        0.499966654505
      ]
    ]
  }
}