{
  "forces": {
    "__ndarray__": [
      [
        3,
        3
      ],
      "float64",
      [
        0.0,
        0.5662723586470957,
        -0.014042851246311298,
        0.0,
        -0.27748965111588986,
        -0.21333497081485195,
        0.0,
        -0.28878270753120583,
        0.22706569013738312
      ]
    ]
  },
  "dipole": {
    "__ndarray__": [
      [
        3
      ],
      "float64",
      [
        0.0,
        0.0,
        0.49996310736999994
      ]
    ]
  }
}