{
  "forces": {
    "__ndarray__": [
      [
        3,
        3
      ],
      "float64",
      [
        0.0,
        0.2770908730155744,
        0.1641024590412851,
        0.0,
        -0.30608957424076966,
        -0.18855982075270106,
        0.0,
        0.02899870122519522,
        0.02427969848297109
      ]
    ]
  },
  "dipole": {
    "__ndarray__": [
      [
        3
      ],
      "float64",
      [
        0.0,
        0.0,
        0.49962022550500007
      ]
    ]
  }
}