{
  "forces": {
    "__ndarray__": [
      [
        3,
        3
      ],
      "float64",
      [
        -0.00020131737752868554,
        -0.0018329394436807144,
        0.0020517403227061437,
        8.381796305792017e-05,
        -0.00034529915456069565,
        -0.00034607048550908137,
        0.0001174994144707654,
        0.002177981487925281,
        -0.0017738040709711388
      ]
    ]
  },
  "dipole": {
    "__ndarray__": [
      [
        3
      ],
      "float64",
      [
        0.0,
        0.0,
        0.4999334404150001
      ]
    ]
  }
}