{
  "forces": {
    "__ndarray__": [
      [
        3,
        3
      ],
      "float64",
      [
        0.0,
        -0.21498176238965555,
        0.19327008174417684,
        0.0,
        0.024269414070325946,
        -0.011919634255721408,
        0.0,
        0.19071234831932962,
        -0.18148465907347452
      ]
    ]
  },
  "dipole": {
    "__ndarray__": [
      [
        3
      ],
      "float64",
      [
        0.0,
        0.0,
        0.50270344089
      ]
    ]
  }
}