{
  "forces": {
    "__ndarray__": [
      [
        3,
        3
      ],
      "float64",
      [
        0.0,
        0.22518441395427025,
        -0.19530433856538623,
        0.0,
        -0.025529511729672164,
        0.011231864160077432,
        0.0,
        -0.19965490222459809,
        0.1836695825399353
      ]
    ]
  },
  "dipole": {
    "__ndarray__": [
      [
        3
      ],
      "float64",
      [
        0.0,
        0.0,
        0.4971822402399998
      ]
    ]
  }
}