{
  "forces": {
    "__ndarray__": [
      [
        3,
        3
      ],
      "float64",
      [
        0.00043220244141215885,
        0.0,
        0.003649423827129199,
        -0.00021622977586414376,
        -0.0018008006541646406,
        -0.0020188302022416844,
        -0.00021622977586414376,
        0.0018008006541646406,
        -0.0020188302022416844
      ]
    ]
  },
  "dipole": {
    "__ndarray__": [
      [
        3
      ],
      "float64",
      [
        0.0,
        0.0,
        0.49992692399000005
      ]
    ]
  }
}