{
  "forces": {
    "__ndarray__": [
      [
        3,
        3
      ],
      "float64",
      [
        0.0,
        -0.27709113012589054,
        0.164050265647111,
        0.0,
        -0.028981474834014608,
        0.024303866852687178,
        0.0,
        0.30607234784958903,
        -0.1885359094933011
      ]
    ]
  },
  "dipole": {
    "__ndarray__": [
      [
        3
      ],
      "float64",
      [
        0.0,
        0.0,
        0.49962474023000036
      ]
    ]
  }
}