{
  "forces": {
    "__ndarray__": [
      [
        3,
        3
      ],
      "float64",
      [
        0.0,
        0.22516461645992833,
        -0.19526885734176047,
        0.0,
        -0.025511256897227032,
        0.011243948344935474,
        0.0,
        -0.1996533595627013,
        0.18367703873910302
      ]
    ]
  },
  "dipole": {
    "__ndarray__": [
      [
        3
      ],
      "float64",
      [
        0.0,
        0.0,
        0.497184118295
      ]
    ]
  }
}