{
  "forces": {
    "__ndarray__": [
      [
        3,
        3
      ],
      "float64",
      [
        0.0,
        -0.225165902011509,
        -0.19526062981164435,
        0.0,
        0.1996528453420691,
        0.18367781007005138,
        0.0,
        0.02551331377975606,
        0.011244976786199989
      ]
    ]
  },
  "dipole": {
    "__ndarray__": [
      [
        3
      ],
      "float64",
      [
        0.0,
        0.0,
        0.49718432284
      ]
    ]
  }
}