{
  "forces": {
    "__ndarray__": [
      [
        3,
        3
      ],
      "float64",
      [
        0.0001972036124706281,
        0.0018311396714678142,
        0.001891303485441904,
        -0.00011518542162560809,
        -0.002202664078273626,
        -0.0017799747185582248,
        -8.201819084502003e-05,
        0.0003715244068058118,
        -0.00035146980214778177
      ]
    ]
  },
  "dipole": {
    "__ndarray__": [
      [
        3
      ],
      "float64",
      [
        0.0,
        0.0,
        0.4999401627500001
      ]
    ]
  }
}