{
  "forces": {
    "__ndarray__": [
      [
        3,
        3
      ],
      "float64",
      [
        0.0,
        -0.28920256867744387,
        -0.17680730820246324,
        0.0,
        0.31843061230462577,
        0.20199100655694247,
        0.0,
        -0.02922804362718192,
        -0.025364704017033737
      ]
    ]
  },
  "dipole": {
    "__ndarray__": [
      [
        3
      ],
      "float64",
      [
        0.0,
        0.0,
        0.50026506973
      ]
    ]
  }
}