{
  "forces": {
    "__ndarray__": [
      [
        3,
        3
      ],
      "float64",
      [
        0.00019154718551579912,
        -0.0018352534365258715,
        0.0018666208950935594,
        -7.893286705147696e-05,
        -0.00037075307585742595,
        -0.00036509664890259705,
        -0.00011235720814819358,
        0.0022060065123832976,
        -0.0017928302343646542
      ]
    ]
  },
  "dipole": {
    "__ndarray__": [
      [
        3
      ],
      "float64",
      [
        0.0,
        0.0,
        0.4999374548900001
      ]
    ]
  }
}