{
  "forces": {
    "__ndarray__": [
      [
        3,
        3
      ],
      "float64",
      [
        0.0,
        0.0,
        0.3856202227772455,
        0.0,
        -0.1660798944826301,
        -0.19292478258961615,
        0.0,
        0.1660798944826301,
        -0.19292478258961615
      ]
    ]
  },
  "dipole": {
    "__ndarray__": [
      [
        3
      ],
      "float64",
      [
        0.0,
        0.0,
        0.5054538860199999
      ]
    ]
  }
}