{
  "forces": {
    "__ndarray__": [
      [
        3,
        3
      ],
      "float64",
      [
        0.0,
        -0.2770934441187357,
        0.1641183998808851,
        0.0,
        -0.028969904869788815,
        0.024308751948693617,
        0.0,
        0.3060633489885245,
        -0.18853051017666242
      ]
    ]
  },
  "dipole": {
    "__ndarray__": [
      [
        3
      ],
      "float64",
      [
        0.0,
        0.0,
        0.4996223175750002
      ]
    ]
  }
}