{
  "forces": {
    "__ndarray__": [
      [
        3,
        3
      ],
      "float64",
      [
        0.0,
        0.0,
        -0.3911663494064554,
        0.0,
        0.17466146550405404,
        0.1955827890377535,
        0.0,
        -0.17466146550405404,
        0.1955827890377535
      ]
    ]
  },
  "dipole": {
    "__ndarray__": [
      [
        3
      ],
      "float64",
      [
        0.0,
        0.0,
        0.4944188075
      ]
    ]
  }
}