{
  "forces": {
    "__ndarray__": [
      [
        3,
        3
      ],
      "float64",
      [
        0.0,
        0.0,
        0.0005484163043022813,
        0.0,
        -0.0003643253179542113,
        -0.0003758952821799978,
        0.0,
        0.0003643253179542113,
        -0.0003758952821799978
      ]
    ]
  },
  "dipole": {
    "__ndarray__": [
      [
        3
      ],
      "float64",
      [
        0.0,
        0.0,
        0.49994929642999986
      ]
    ]
  }
}