{
  "forces": {
    "__ndarray__": [
      [
        3,
        3
      ],
      "float64",
      [
        0.00019231851646418495,
        -0.0018321681127323286,
        0.0019337266876031216,
        -7.944708768373415e-05,
        -0.0003679248623800115,
        -0.0003625255457413111,
        -0.00011287142878045079,
        0.0022003500854284688,
        -0.0017897449105711114
      ]
    ]
  },
  "dipole": {
    "__ndarray__": [
      [
        3
      ],
      "float64",
      [
        0.0,
        0.0,
        0.49993707572000046
      ]
    ]
  }
}