{
  "forces": {
    "__ndarray__": [
      [
        3,
        3
      ],
      "float64",
      [
        0.0,
        -0.21498150527933943,
        0.1932950214448413,
        0.0,
        0.024277384490125932,
        -0.011910635394656907,
        0.0,
        0.19070412078921348,
        -0.18147488888146168
      ]
    ]
  },
  "dipole": {
    "__ndarray__": [
      [
        3
      ],
      "float64",
      [
        0.0,
        0.0,
        0.50270127534
      ]
    ]
  }
}