{
  "forces": {
    "__ndarray__": [
      [
        3,
        3
      ],
      "float64",
      [
        0.0,
        0.21498227661028782,
        0.19328525125282842,
        0.0,
        -0.19070772033363928,
        -0.18147874553620358,
        0.0,
        -0.024274813386964647,
        -0.011911920946237548
      ]
    ]
  },
  "dipole": {
    "__ndarray__": [
      [
        3
      ],
      "float64",
      [
        0.0,
        0.0,
        0.5027027904249998
      ]
    ]
  }
}