{
  "forces": {
    "__ndarray__": [
      [
        3,
        3
      ],
      "float64",
      [
        -0.00019746072278675669,
        -0.0018329394436807144,
        0.0018131419493388127,
        8.201819084502003e-05,
        -0.0003802661575541838,
        -0.00036638220048324,
        0.00011544253194173667,
        0.002213205601234898,
        -0.0017933444549969116
      ]
    ]
  },
  "dipole": {
    "__ndarray__": [
      [
        3
      ],
      "float64",
      [
        0.0,
        0.0,
        0.49994645184499986
      ]
    ]
  }
}