{
  "forces": {
    "__ndarray__": [
      [
        3,
        3
      ],
      "float64",
      [
        -0.0004422297437411739,
        0.0,
        0.0038574260728772274,
        0.00022111487187058694,
        -0.0017856311455130536,
        -0.001984634530196582,
        0.00022111487187058694,
        0.0017856311455130536,
        -0.001984634530196582
      ]
    ]
  },
  "dipole": {
    "__ndarray__": [
      [
        3
      ],
      "float64",
      [
        0.0,
        0.0,
        0.49992313060499993
      ]
    ]
  }
}