{
  "forces": {
    "__ndarray__": [
      [
        3,
        3
      ],
      "float64",
      [
        0.0,
        0.21498073394839104,
        0.19329990654084775,
        0.0,
        -0.19070540634079414,
        -0.18147463177114553,
        0.0,
        -0.024275327607596903,
        -0.011910892504973035
      ]
    ]
  },
  "dipole": {
    "__ndarray__": [
      [
        3
      ],
      "float64",
      [
        0.0,
        0.0,
        0.502706590925
      ]
    ]
  }
}