{
  "forces": {
    "__ndarray__": [
      [
        3,
        3
      ],
      "float64",
      [
        -0.00020234581879319987,
        0.0018365389881065146,
        0.0019221567233773345,
        0.00011827074541915116,
        -0.0021885230108865533,
        -0.001764290989274381,
        8.407507337404875e-05,
        0.0003517269124639104,
        -0.00033578607286393784
      ]
    ]
  },
  "dipole": {
    "__ndarray__": [
      [
        3
      ],
      "float64",
      [
        0.0,
        0.0,
        0.49994115788500015
      ]
    ]
  }
}