{
  "forces": {
    "__ndarray__": [
      [
        3,
        3
      ],
      "float64",
      [
        0.0,
        -0.2251661591218251,
        -0.19519660934292835,
        0.0,
        0.19966647218882388,
        0.18368603760016752,
        0.0,
        0.025499686933001246,
        0.01125371853694836
      ]
    ]
  },
  "dipole": {
    "__ndarray__": [
      [
        3
      ],
      "float64",
      [
        0.0,
        0.0,
        0.49718421506
      ]
    ]
  }
}