{
  "forces": {
    "__ndarray__": [
      [
        3,
        3
      ],
      "float64",
      [
        0.0,
        0.2892033400083922,
        -0.17688007042192763,
        0.0,
        0.029210303015369046,
        -0.02538373018042725,
        0.0,
        -0.31841390013407744,
        0.20196915218007153
      ]
    ]
  },
  "dipole": {
    "__ndarray__": [
      [
        3
      ],
      "float64",
      [
        0.0,
        0.0,
        0.5002708238500001
      ]
    ]
  }
}