{
  "forces": {
    "__ndarray__": [
      [
        3,
        3
      ],
      "float64",
      [
        0.00019643228152224233,
        0.0018285685683065282,
        0.0019057016631451051,
        -0.00011467120099335088,
        -0.002184409245828496,
        -0.0017637767686421236,
        -8.176108052889145e-05,
        0.0003558406775219678,
        -0.0003355289625478093
      ]
    ]
  },
  "dipole": {
    "__ndarray__": [
      [
        3
      ],
      "float64",
      [
        0.0,
        0.0,
        0.4999390678100001
      ]
    ]
  }
}