{
  "forces": {
    "__ndarray__": [
      [
        3,
        3
      ],
      "float64",
      [
        0.0,
        0.2770908730155744,
        0.16410014504843998,
        0.0,
        -0.30608906002013736,
        -0.18855956364238494,
        0.0,
        0.02899792989424683,
        0.024279955593287217
      ]
    ]
  },
  "dipole": {
    "__ndarray__": [
      [
        3
      ],
      "float64",
      [
        0.0,
        0.0,
        0.4996202897150003
      ]
    ]
  }
}