{
  "forces": {
    "__ndarray__": [
      [
        3,
        3
      ],
      "float64",
      [
        0.0,
        0.2892038542290245,
        -0.17683970410229544,
        0.0,
        0.029230100509710946,
        -0.025375245539995008,
        0.0,
        -0.3184339547387354,
        0.20197840815145215
      ]
    ]
  },
  "dipole": {
    "__ndarray__": [
      [
        3
      ],
      "float64",
      [
        0.0,
        0.0,
        0.500265386785
      ]
    ]
  }
}