{
  "forces": {
    "__ndarray__": [
      [
        3,
        3
      ],
      "float64",
      [
        0.0,
        0.29725474955795905,
        0.16773491358754986,
        0.0,
        -0.326036963896974,
        -0.19689122343653187,
        0.0,
        0.028782471449331076,
        0.029210817236001305
      ]
    ]
  },
  "dipole": {
    "__ndarray__": [
      [
        3
      ],
      "float64",
      [
        0.0,
        0.0,
        0.3734876716550003
      ]
    ]
  }
}