{
  "forces": {
    "__ndarray__": [
      [
        3,
        3
      ],
      "float64",
      [
        0.0,
        0.22835844080687764,
        0.19914942334308927,
        0.0,
        -0.19922115712128918,
        -0.18861767057383003,
        0.0,
        -0.029137283685588534,
        -0.010385199889065985
      ]
    ]
  },
  "dipole": {
    "__ndarray__": [
      [
        3
      ],
      "float64",
      [
        0.0,
        0.0,
        0.3759170975299998
      ]
    ]
  }
}