{
  "forces": {
    "__ndarray__": [
      [
        3,
        3
      ],
      "float64",
      [
        0.0,
        -0.6074709443725925,
        -0.015817683758546953,
        0.0,
        0.31049901616237496,
        0.24173974720979013,
        0.0,
        0.2969719282102176,
        -0.22577088258535957
      ]
    ]
  },
  "dipole": {
    "__ndarray__": [
      [
        3
      ],
      "float64",
      [
        0.0,
        0.0,
        0.37439365453000006
      ]
    ]
  }
}