{
  "forces": {
    "__ndarray__": [
      [
        3,
        3
      ],
      "float64",
      [
        0.0,
        -0.3102295645510722,
        -0.18329420147838754,
        0.0,
        0.3405667820820328,
        0.21240243169825354,
        0.0,
        -0.030337474641276785,
        -0.029004871872782306
      ]
    ]
  },
  "dipole": {
    "__ndarray__": [
      [
        3
      ],
      "float64",
      [
        0.0,
        0.0,
        0.3752894389200002
      ]
    ]
  }
}