{
  "forces": {
    "__ndarray__": [
      [
        3,
        3
      ],
      "float64",
      [
        0.0,
        -0.22836152613067123,
        0.1991159990019926,
        0.0,
        0.029127513493575643,
        -0.010394970081078873,
        0.0,
        0.1992340126370956,
        -0.18862692654521063
      ]
    ]
  },
  "dipole": {
    "__ndarray__": [
      [
        3
      ],
      "float64",
      [
        0.0,
        0.0,
        0.3759181240699999
      ]
    ]
  }
}