{
  "forces": {
    "__ndarray__": [
      [
        3,
        3
      ],
      "float64",
      [
        0.0,
        0.3102262221169625,
        -0.1832736326530973,
        0.0,
        0.030336189089696146,
        -0.02900358632120166,
        0.0,
        -0.3405624112066587,
        0.21240474569109868
      ]
    ]
  },
  "dipole": {
    "__ndarray__": [
      [
        3
      ],
      "float64",
      [
        0.0,
        0.0,
        0.3752899030550003
      ]
    ]
  }
}