{
  "forces": {
    "__ndarray__": [
      [
        3,
        3
      ],
      "float64",
      [
        2.2368597503187284e-05,
        0.001968693690596609,
        0.0010569805096046312,
        -1.2855515806429473e-06,
        -0.0016794445849519465,
        -0.0012444139300623728,
        -2.1083045922544333e-05,
        -0.00028924910564466315,
        0.0002738224866769477
      ]
    ]
  },
  "dipole": {
    "__ndarray__": [
      [
        3
      ],
      "float64",
      [
        0.0,
        0.0,
        0.37438067191000035
      ]
    ]
  }
}