{
  "forces": {
    "__ndarray__": [
      [
        3,
        3
      ],
      "float64",
      [
        0.0,
        0.0,
        -0.40533209938387615,
        0.0,
        0.18059454315903734,
        0.20277802123461205,
        0.0,
        -0.18059454315903734,
        0.20277802123461205
      ]
    ]
  },
  "dipole": {
    "__ndarray__": [
      [
        3
      ],
      "float64",
      [
        0.0,
        0.0,
        0.37128483559500003
      ]
    ]
  }
}