{
  "forces": {
    "__ndarray__": [
      [
        3,
        3
      ],
      "float64",
      [
        3.702388552251688e-05,
        0.0,
        0.0030752964912140585,
        -1.851194276125844e-05,
        -0.0011945345287334267,
        -0.0014552443892878165,
        -1.851194276125844e-05,
        0.0011945345287334267,
        -0.0014552443892878165
      ]
    ]
  },
  "dipole": {
    "__ndarray__": [
      [
        3
      ],
      "float64",
      [
        0.0,
        0.0,
        0.3743607754
      ]
    ]
  }
}