{
  "forces": {
    "__ndarray__": [
      [
        3,
        3
      ],
      "float64",
      [
        3.676677520638829e-05,
        0.0,
        0.003133146312342991,
        -1.851194276125844e-05,
        -0.0011891352120947263,
        -0.001444188645694287,
        -1.851194276125844e-05,
        0.0011891352120947263,
        -0.001444188645694287
      ]
    ]
  },
  "dipole": {
    "__ndarray__": [
      [
        3
      ],
      "float64",
      [
        0.0,
        0.0,
        0.3743606474700002
      ]
    ]
  }
}