{
  "forces": {
    "__ndarray__": [
      [
        3,
        3
      ],
      "float64",
      [
        2.699658319350189e-05,
        -0.0019756356691320812,
        0.0010826915412174903,
        -2.3139928451573053e-05,
        0.0002979908563930352,
        0.00027819336205113374,
        -3.856654741928842e-06,
        0.0016776448127390463,
        -0.0012400430546881868
      ]
    ]
  },
  "dipole": {
    "__ndarray__": [
      [
        3
      ],
      "float64",
      [
        0.0,
        0.0,
        0.3743804179850001
      ]
    ]
  }
}