{
  "forces": {
    "__ndarray__": [
      [
        3,
        3
      ],
      "float64",
      [
        0.0,
        -0.3102275076685432,
        -0.1832533209381231,
        0.0,
        0.34057552383278117,
        0.21241580143469224,
        0.0,
        -0.030347759053921928,
        -0.028992016356975875
      ]
    ]
  },
  "dipole": {
    "__ndarray__": [
      [
        3
      ],
      "float64",
      [
        0.0,
        0.0,
        0.37528883451000006
      ]
    ]
  }
}