{
  "forces": {
    "__ndarray__": [
      [
        3,
        3
      ],
      "float64",
      [
        2.6225252245116125e-05,
        -0.0019802636548223963,
        0.0010484958691723877,
        -2.2625707819315873e-05,
        0.0002938770913349778,
        0.0002727940454124334,
        -3.5995444258002527e-06,
        0.0016866436738035469,
        -0.001248784805436559
      ]
    ]
  },
  "dipole": {
    "__ndarray__": [
      [
        3
      ],
      "float64",
      [
        0.0,
        0.0,
        0.37438095389500015
      ]
    ]
  }
}