{
  "forces": {
    "__ndarray__": [
      [
        3,
        3
      ],
      "float64",
      [
        -2.751080382575907e-05,
        -0.001975121448499824,
        0.0011953058596818123,
        2.3397038767701638e-05,
        0.0003144459166252649,
        0.000301847511134964,
        4.113765058057432e-06,
        0.0016606755318745595,
        -0.0012158746849720997
      ]
    ]
  },
  "dipole": {
    "__ndarray__": [
      [
        3
      ],
      "float64",
      [
        0.0,
        0.0,
        0.3743784618000001
      ]
    ]
  }
}