{
  "forces": {
    "__ndarray__": [
      [
        3,
        3
      ],
      "float64",
      [
        0.0,
        -0.6074709443725925,
        -0.01581614109665018,
        0.0,
        0.3104987590520588,
        0.24173974720979013,
        0.0,
        0.2969721853205337,
        -0.22577088258535957
      ]
    ]
  },
  "dipole": {
    "__ndarray__": [
      [
        3
      ],
      "float64",
      [
        0.0,
        0.0,
        0.3743936712550002
      ]
    ]
  }
}