{
  "forces": {
    "__ndarray__": [
      [
        3,
        3
      ],
      "float64",
      [
        -4.242320216121726e-05,
        0.0,
        0.003056270327820543,
        2.1083045922544333e-05,
        -0.0012094469270688846,
        -0.0014688712360426315,
        2.1083045922544333e-05,
        0.0012094469270688846,
        -0.0014688712360426315
      ]
    ]
  },
  "dipole": {
    "__ndarray__": [
      [
        3
      ],
      "float64",
      [
        0.0,
        0.0,
        0.3743625811950003
      ]
    ]
  }
}