{
  "forces": {
    "__ndarray__": [
      [
        3,
        3
      ],
      "float64",
      [
        -2.853924509027343e-05,
        0.001973835896919181,
        0.0010901477403852194,
        4.370875374186021e-06,
        -0.00167147416515196,
        -0.001236700620578515,
        2.391125939995882e-05,
        -0.00030236173176722116,
        0.0002812786858446769
      ]
    ]
  },
  "dipole": {
    "__ndarray__": [
      [
        3
      ],
      "float64",
      [
        0.0,
        0.0,
        0.3743800248100003
      ]
    ]
  }
}