{
  "forces": {
    "__ndarray__": [
      [
        3,
        3
      ],
      "float64",
      [
        -2.7767914141887662e-05,
        -0.001973321676286924,
        0.0010968326086045626,
        2.365414908383023e-05,
        0.00030596127619302146,
        0.00028513534058660574,
        4.370875374186021e-06,
        0.0016673604000939028,
        -0.0012323297452043291
      ]
    ]
  },
  "dipole": {
    "__ndarray__": [
      [
        3
      ],
      "float64",
      [
        0.0,
        0.0,
        0.37437951420500004
      ]
    ]
  }
}