{
  "forces": {
    "__ndarray__": [
      [
        3,
        3
      ],
      "float64",
      [
        0.0,
        -0.29725217845479773,
        0.1677094596662531,
        0.0,
        -0.028776043691427864,
        0.02921724499390452,
        0.0,
        0.32602822214622557,
        -0.1968858241198932
      ]
    ]
  },
  "dipole": {
    "__ndarray__": [
      [
        3
      ],
      "float64",
      [
        0.0,
        0.0,
        0.3734882129800001
      ]
    ]
  }
}