{
  "forces": {
    "__ndarray__": [
      [
        3,
        3
      ],
      "float64",
      [
        0.0,
        0.23895472826548525,
        -0.2028451270271216,
        0.0,
        -0.029099745579433758,
        0.010927188435465052,
        0.0,
        -0.20985523979636764,
        0.1919855586047984
      ]
    ]
  },
  "dipole": {
    "__ndarray__": [
      [
        3
      ],
      "float64",
      [
        0.0,
        0.0,
        0.37284077445999986
      ]
    ]
  }
}