{
  "forces": {
    "__ndarray__": [
      [
        3,
        3
      ],
      "float64",
      [
        0.0,
        0.0,
        -0.00027870758268339096,
        0.0,
        0.00027896469299951957,
        0.0002383412630512024,
        0.0,
        -0.00027896469299951957,
        0.0002383412630512024
      ]
    ]
  },
  "dipole": {
    "__ndarray__": [
      [
        3
      ],
      "float64",
      [
        0.0,
        0.0,
        0.3743886577750001
      ]
    ]
  }
}