{
  "forces": {
    "__ndarray__": [
      [
        3,
        3
      ],
      "float64",
      [
        0.0,
        0.23894675784568525,
        -0.20278264922030237,
        0.0,
        -0.029091260939001513,
        0.01093644440684568,
        0.0,
        -0.20985549690668376,
        0.1919945574658629
      ]
    ]
  },
  "dipole": {
    "__ndarray__": [
      [
        3
      ],
      "float64",
      [
        0.0,
        0.0,
        0.37284040480000025
      ]
    ]
  }
}