{
  "forces": {
    "__ndarray__": [
      [
        3,
        3
      ],
      "float64",
      [
        0.0,
        0.0,
        0.3985521003475652,
        0.0,
        -0.17028287682038418,
        -0.1991453095780312,
        0.0,
        0.17028287682038418,
        -0.1991453095780312
      ]
    ]
  },
  "dipole": {
    "__ndarray__": [
      [
        3
      ],
      "float64",
      [
        0.0,
        0.0,
        0.377429220175
      ]
    ]
  }
}