{
  "forces": {
    "__ndarray__": [
      [
        3,
        3
      ],
      "float64",
      [
        0.0,
        -0.22836178324098735,
        0.19911522767104417,
        0.0,
        0.029127513493575643,
        -0.010394970081078873,
        0.0,
        0.1992342697474117,
        -0.18862718365552675
      ]
    ]
  },
  "dipole": {
    "__ndarray__": [
      [
        3
      ],
      "float64",
      [
        0.0,
        0.0,
        0.375918142515
      ]
    ]
  }
}