{
  "forces": {
    "__ndarray__": [
      [
        3,
        3
      ],
      "float64",
      [
        -4.3451643425731614e-05,
        0.0,
        0.003082495580065659,
        2.1854376870930105e-05,
        -0.0012022478382172842,
        -0.0014598723749781309,
        2.1854376870930105e-05,
        0.0012022478382172842,
        -0.0014598723749781309
      ]
    ]
  },
  "dipole": {
    "__ndarray__": [
      [
        3
      ],
      "float64",
      [
        0.0,
        0.0,
        0.37436081897499995
      ]
    ]
  }
}