{
  "forces": {
    "__ndarray__": [
      [
        3,
        3
      ],
      "float64",
      [
        0.0,
        -0.23895035739011108,
        -0.20280630336938618,
        0.0,
        0.20986166755427085,
        0.19199764278965642,
        0.0,
        0.0290884327255241,
        0.01094030106158761
      ]
    ]
  },
  "dipole": {
    "__ndarray__": [
      [
        3
      ],
      "float64",
      [
        0.0,
        0.0,
        0.37283981385999987
      ]
    ]
  }
}