{
  "forces": {
    "__ndarray__": [
      [
        3,
        3
      ],
      "float64",
      [
        0.0,
        0.29725269267543,
        0.16774314111766597,
        0.0,
        -0.32603747811760625,
        -0.19688376723736414,
        0.0,
        0.02878478544217623,
        0.02921853054548516
      ]
    ]
  },
  "dipole": {
    "__ndarray__": [
      [
        3
      ],
      "float64",
      [
        0.0,
        0.0,
        0.37348774893000025
      ]
    ]
  }
}