{
  "forces": {
    "__ndarray__": [
      [
        3,
        3
      ],
      "float64",
      [
        0.0,
        0.6074627168424764,
        -0.015521235564050688,
        0.0,
        -0.2969199919263596,
        -0.22573694402363056,
        0.0,
        -0.3105427249161168,
        0.24177677109531265
      ]
    ]
  },
  "dipole": {
    "__ndarray__": [
      [
        3
      ],
      "float64",
      [
        0.0,
        0.0,
        0.3743912256850003
      ]
    ]
  }
}